{"metadata":{"asset_id":"939a6545-89cd-43df-9e67-86f313d18a06","asset_attributes":["wml_model"],"name":"Health Insurance - P4 GradientBoostingRegressorEstimator","asset_type":"wml_model","created_at":"2020-10-17T09:56:07Z","description":"","origin_country":"us","owner_id":"IBMid-5500091W3A","project_id":"263e57b3-3dd5-4b0a-bbe4-79610589f89e","sandbox_id":"263e57b3-3dd5-4b0a-bbe4-79610589f89e","size":39909,"tags":[],"usage":{"last_update_time":1602928577402,"last_updated_at":"2020-10-17T09:56:17Z"}},"entity":{"wml_model":{"hybrid_pipeline_software_specs":[{"base_id":"632d4b22-10aa-5180-88f0-f52dfb6444d7","name":"autoai-kb_3.1-py3.7"}],"pipeline":{"id":"a2abb2e1-afdc-48ef-87c5-e02c3accea78"},"ml_version":"4.0.1","type":"wml-hybrid_0.1","schemas":{"input":[{"fields":[{"name":"age","type":"integer"},{"name":"sex","type":"other"},{"name":"bmi","type":"double"},{"name":"children","type":"integer"},{"name":"smoker","type":"other"},{"name":"region","type":"other"}],"id":"auto_ai_kb_input_schema"}],"output":[]},"content_location":{"connection":{"access_key_id":"642471efb8f048128153f540885bfd01","endpoint_url":"https://s3-api.us-geo.objectstorage.softlayer.net","secret_access_key":"a3cdf617615f63fea37b90d5405f84e4b561000655b25c0a","accessKeyId":"642471efb8f048128153f540885bfd01"},"contents":[{"content_format":"native","file_name":"pipeline_model.json","location":"auto_ml/0503e3e8-9874-45e0-a6fe-8d0575978380/wml_data/7e16cbe3-782f-4688-bb05-47778f730823/assets/7e16cbe3-782f-4688-bb05-47778f730823_P4_hpo_c_output/resources/wml_model/pipeline_model.json"},{"content_format":"pipeline-node","file_name":"P4_automl.zip","location":"auto_ml/0503e3e8-9874-45e0-a6fe-8d0575978380/wml_data/7e16cbe3-782f-4688-bb05-47778f730823/assets/7e16cbe3-782f-4688-bb05-47778f730823_P4_hpo_c_output/resources/wml_model/P4_automl.zip","pipeline_node_id":"automl"},{"content_format":"native","file_name":"pipeline_model.json","location":"auto_ml/0503e3e8-9874-45e0-a6fe-8d0575978380/wml_data/7e16cbe3-782f-4688-bb05-47778f730823/assets/7e16cbe3-782f-4688-bb05-47778f730823_P4_hpo_c_output/resources/wml_model/pipeline_model.json"}],"location":{"path":"auto_ml/0503e3e8-9874-45e0-a6fe-8d0575978380/wml_data","training":"auto_ml/0503e3e8-9874-45e0-a6fe-8d0575978380/wml_data/7e16cbe3-782f-4688-bb05-47778f730823","training_status":"auto_ml/0503e3e8-9874-45e0-a6fe-8d0575978380/wml_data/7e16cbe3-782f-4688-bb05-47778f730823/training-status.json","bucket":"healhinsutance-donotdelete-pr-cbxnqpnh3zypa2","type":"s3","assets_path":"auto_ml/0503e3e8-9874-45e0-a6fe-8d0575978380/wml_data/7e16cbe3-782f-4688-bb05-47778f730823/assets"},"type":"s3"},"training_data_references":[{"connection":{"endpoint_url":"https://s3-api.us-geo.objectstorage.softlayer.net","auth_endpoint":"https://iam.bluemix.net/oidc/token/","api_key":"P4aWjdBxN5NRFzufg-KpZfeGkhsrDbL2BBTtQmDTEGZc","secret_access_key":"a3cdf617615f63fea37b90d5405f84e4b561000655b25c0a","access_key_id":"642471efb8f048128153f540885bfd01","service_instance_id":"iam-ServiceId-08858350-3f75-4f81-ba3e-59f2a1a91fb7"},"location":{"bucket":"healhinsutance-donotdelete-pr-cbxnqpnh3zypa2","path":"insurance.csv","type":"s3"},"type":"s3"}],"software_spec":{"base_id":"8c1a58c6-62b5-4dc4-987a-df751c2756b6","name":"hybrid_0.1"},"content_import_state":"completed"}},"attachments":[{"id":"7824d924-70e6-44f6-95ed-81a050b9e498","version":2,"asset_type":"wml_model","name":"P4_automl.zip","datasource_type":"193a97c1-4475-4a19-b90c-295c4fdc6517","creator_id":"IBMid-5500091W3A","create_time":1602928571429,"size":38422,"is_remote":false,"is_managed":true,"is_referenced":false,"is_object_key_read_only":false,"is_user_provided_path_key":false,"transfer_complete":true,"is_partitioned":false,"complete_time_ticks":1602928573428,"user_data":{"content_format":"pipeline-node","pipeline_node_id":"automl"},"test_doc":0,"handle":{"bucket":"healhinsutance-donotdelete-pr-cbxnqpnh3zypa2","location":"us-geo","type":"bluemix_cos","key":"bcc80eec-c61f-4971-8ab4-0893ca365ba2/939a6545-89cd-43df-9e67-86f313d18a06/7824d924-70e6-44f6-95ed-81a050b9e498","upload_id":"done","max_part_num":1},"usage":{"access_count":0,"last_accessor_id":"IBMid-5500091W3A","last_access_time":1602928571429}},{"id":"ed6c5c1f-1374-4510-b328-b84a407b8677","version":2,"asset_type":"wml_model","name":"pipeline_model.json","datasource_type":"193a97c1-4475-4a19-b90c-295c4fdc6517","creator_id":"IBMid-5500091W3A","create_time":1602928575345,"size":1487,"is_remote":false,"is_managed":true,"is_referenced":false,"is_object_key_read_only":false,"is_user_provided_path_key":false,"transfer_complete":true,"is_partitioned":false,"complete_time_ticks":1602928577254,"user_data":{"content_format":"native"},"test_doc":0,"handle":{"bucket":"healhinsutance-donotdelete-pr-cbxnqpnh3zypa2","location":"us-geo","type":"bluemix_cos","key":"bcc80eec-c61f-4971-8ab4-0893ca365ba2/939a6545-89cd-43df-9e67-86f313d18a06/ed6c5c1f-1374-4510-b328-b84a407b8677","upload_id":"done","max_part_num":1},"usage":{"access_count":0,"last_accessor_id":"IBMid-5500091W3A","last_access_time":1602928575345}}]}
