{"metadata":{"asset_id":"a2abb2e1-afdc-48ef-87c5-e02c3accea78","asset_attributes":["wml_pipeline"],"name":"Health Insurance","asset_type":"wml_pipeline","created_at":"2020-10-17T09:47:13Z","description":"","origin_country":"us","owner_id":"IBMid-5500091W3A","project_id":"263e57b3-3dd5-4b0a-bbe4-79610589f89e","sandbox_id":"263e57b3-3dd5-4b0a-bbe4-79610589f89e","size":0,"tags":["dsx-project.263e57b3-3dd5-4b0a-bbe4-79610589f89e"],"usage":{"last_update_time":1602928033555,"last_updated_at":"2020-10-17T09:47:13Z"}},"entity":{"wml_pipeline":{"document":{"doc_type":"pipeline","pipelines":[{"id":"autoai","nodes":[{"id":"automl","op":"kube","parameters":{"input_file_separator":",","optimization":{"compute_pipeline_notebooks_flag":true,"daub_adaptive_subsampling_max_mem_usage":15000000000,"holdout_param":0.1,"label":"expenses","learning_type":"regression","max_num_daub_ensembles":2,"run_cognito_flag":true,"scorer_for_ranking":"neg_root_mean_squared_error"},"output_logs":true,"stage_flag":true},"runtime_ref":"autoai","type":"execution_node"}],"runtime_ref":"hybrid"}],"primary_pipeline":"autoai","runtimes":[{"app_data":{"wml_data":{"hardware_spec":{"base_id":"a6c4923b-b8e4-444c-9f43-8a7ec3020110","name":"L"}}},"id":"autoai","name":"auto_ai.kb"}],"version":"2.0"},"ml_version":"4.0.0"}}}
